,id,name
0,fffcb32c-75d7-4f32-b4bc-1c8ced28b13c,Pamela Lane
1,b8f4c802-27f2-4a85-9867-f266fd78dcf8,Lawrence Clark
2,71673d39-5067-41fa-842a-208492bec0ff,Michelle Sheppard
3,8857b069-302e-440d-8bcc-88fbf90957e6,Melissa Davis
4,3cd2b148-c60e-43e0-ae8c-879cf4142ae2,Megan Forbes
5,6b66498a-6df4-46c7-9a52-6cdc3543dafb,Alexander Burke
6,5f4ec03f-790a-4284-ab11-1c9474c8d097,Tracy Gibbs
7,1a1da677-7a45-447a-8f98-1291c3367b33,Sean Koch
8,f3a0a600-c28b-4370-a0b7-558a4972adc5,Mrs. Hannah Figueroa
9,fc17d99b-a45a-484d-b04e-e29268d41eaa,William Ayala
10,6dfcc90f-9281-4834-8010-bab4348cfab5,Alex Taylor
11,eb6e5eae-0afe-4eeb-b08b-bffc954cc02c,Nichole Brown
12,03ddc284-e363-4f2b-b77d-f31317a710e4,Allen Nolan
13,434ef8f7-df4e-4a60-85e2-7e9ff6102dd3,Dylan Anderson
14,ad0eb2d6-6115-4016-9385-d1d29a7f8ce4,Kimberly Jackson
15,aa05fa52-1260-48d1-a1d8-61bfe6f458dc,Madison Mcintosh
16,0a4bed6e-b60c-4920-9ff3-93aeb99ad457,Carrie Abbott
17,18ca0d4c-516a-4461-a57a-0f0c95f28e96,Dale Berry
18,bf808ccc-5444-45cb-bee2-2d13d8c7165f,Ronald Jones
19,6b9960a7-a4d7-425d-9b3e-2337cc21a198,Terry Rice
20,d3b0bc4d-4240-4331-82f4-60aa9b07b5d0,Michael Williams
21,0f6a38fc-9cb0-4b7d-91fe-3f1b6617abc6,Timothy Navarro
22,6d1d486c-d7dd-40a5-8ed1-b0afadf872b6,Jennifer Singh
23,bdd2fc68-9e93-4912-9810-c8aa32614653,Sharon Sims
24,6dc25bb7-1790-4999-923a-66fe197f973e,Jonathan Johnson
25,7fd0326f-3d45-4245-9097-039655b521e3,Brad Williamson
26,6befaaf6-307a-479b-bd34-c2304328145b,Emily Brown
27,e7e4efeb-346c-44c0-b2f2-f154c8888dfa,Jonathan Arroyo
28,04dbe18d-3bd3-4baf-a3a6-0a426c0659c7,Tamara Berry
29,dffee822-f619-4581-8c3c-a4cd165fd256,Dana Smith
30,7aa59f1b-ab05-4a06-8907-3f21c266e48b,Ryan Martinez
31,7719184f-d272-47f4-8979-07c9a0edd0aa,Kelsey Miller
32,2ab39fe5-1c1e-4678-b125-253e2457c939,Rebecca Smith
33,73d5d20a-3166-49dc-a525-282c1b9716c9,Dylan Carrillo
34,5720b845-d9ce-4d2f-9917-0ac7e1e8ed2e,Jimmy Bridges
35,de39dbfd-3b83-494a-804f-efb8c49017d8,Nicole Curtis
36,c5ece913-3ed6-42fe-90da-257935ef1e20,Alyssa Alvarado
37,61964fa9-250c-41d1-a349-76529f25cc13,Troy Lane
38,0c20337e-c1a9-42ef-885b-cf5b6bb54ab7,Kelsey Taylor
39,c37f2186-742f-4c04-aca4-464cac7c2105,Judy Alvarez
40,68ba1a70-06b0-4738-8286-7e76f705abaf,Brittany Daniels
41,20ea9c3e-3f24-4b65-a01c-1f2b12d0a40d,Jerry Thompson II
42,14b05555-fd3c-426c-acf4-c9918d8aaf0a,Scott Jones
43,2e5473f0-a719-49fb-9239-d3893052b412,Ashley Lam
44,e3155edf-decb-4c77-994e-50e827312ea8,Arthur Mendoza
45,d158f1a0-ee22-4227-afb9-ecc30b77579e,Troy Henry
46,a81913cf-4dee-4141-8241-b553c504c4ab,Matthew Jordan
47,9407674b-5d71-4c7a-9361-0e08c9d6a0ca,Gary Kirk
48,28c6efa3-2630-4880-9042-b0749a5a525b,Angela Armstrong
49,4336706c-5977-4b56-a94e-d913dc873051,Mary Pacheco
50,3c269c30-4865-49b1-8811-b2fff64e5504,Rachael Hobbs
51,f1998ab1-1aed-4635-93c9-c923950d3193,John Larson
52,fda2f78d-27ef-4437-aeb5-31f451cbb780,Martin Barnes
53,3fca77fd-0fd3-4f3f-8e24-f256c19da2b4,Rebecca Rodriguez
54,f02804c8-edab-43d4-87c1-6c8f684d8967,Michael Acosta
55,6f89a556-7a33-4f8b-94bb-82a0582be328,Brittany Turner
56,8ca87b49-eb50-4643-aab8-4b59376a6072,Dawn Williams
57,234a2996-a7d5-46f5-9142-ad49d4f58478,Shelly Benitez
58,85103a08-21c7-49f6-979a-c2c4f618c6d7,David Webb
59,962e069d-6afb-4c7c-a121-5ad16f577c96,Jaime Hester
60,d7f26f5b-d838-4b30-b2f6-67b9a91ee253,Susan Meadows
61,8efde087-bbb4-4cde-ab02-7658bb2e4d18,Jonathan Harris
62,0263666f-1179-469e-9774-595fb7051940,Bethany Baker
63,e6c9fa54-8981-4e03-a097-07eb6b8893ba,Jonathan Graham
64,1fce9b60-46dd-4f05-a4e3-9e9ada04f09c,Elizabeth Shea
65,69034491-0f72-4019-ad9a-e820116d2028,Tina Collins
66,cfb7d0a6-831a-4c2b-b240-0a70d38d06fc,Christopher Graham
67,b84aaec2-acf4-49bf-aeae-68696f1c1321,Nicholas Gray
68,b7d44c9a-46cb-4be6-8d4e-146b9d29959e,Ashley Santiago
69,6fe92397-129b-4139-9864-9391637b8959,Brett Allen
70,c3737427-c614-431f-a152-6805770b6da2,Kathryn Day
71,9a056d8f-0f8d-4595-b210-7c26f7242849,Scott Smith
72,310ce8e5-f829-453b-99a8-4fcc504d0de0,Karen Garza
73,d35c9389-0952-49ec-8cac-a71613010144,Katelyn Alexander
74,c81d0f80-0b41-461c-bf62-261eb25394d5,Wendy Ramirez
75,c3a148c2-7517-4a6f-a678-429a7c3745e1,John Norris
76,7bf395ff-3958-43c0-ac10-796e5f982b60,Cynthia Alvarez
77,1f239629-8936-4320-8d7d-b37ff1abfce6,Justin Leon
78,87b1f750-7a7f-4f93-9d49-c3d3437d9a70,Jennifer Erickson
79,b6deff36-ea72-477e-a4f9-2ede1ebc5173,Ann Morris
80,35638ae4-a0f8-4666-a304-286afa94622f,John Simmons
81,fccdae13-028d-4ea4-8df5-4d36acf5aa02,Jennifer Garcia
82,1e466095-2036-48b5-ab9f-f26b5de2e622,Misty Reed
83,8f1b6648-6b2e-4140-a3da-ec86f43f60a0,Timothy Gutierrez
84,45da6ff5-ba58-4753-ba4c-30598d249428,Lauren Hill
85,59540b69-5c2b-4bc0-989b-e14c74a5af03,Abigail Lindsey
86,cd9b12f9-1d38-4aed-994f-9a7b64697f82,Anne Jackson
87,a27daec1-06cf-4e52-83c1-1a593251f005,Travis Johnson
88,74a63ed5-f1c8-47cb-ae59-bc563d80ec86,Mr. Matthew Meyer
89,af4b653e-06a2-480b-996c-11aa01b17d0c,Dustin Clarke
90,fa7b50dc-19ab-4105-b1ec-036f874ea923,Michael Harris
91,ddb7feea-6ef3-4867-8cac-7dc42c93cfa9,Brian Johnson
92,93da51c1-d750-4991-aebc-459e874c912f,Mark Jenkins
93,3160a0fc-cdb2-484d-87f7-642277ab4df1,Michael Cobb
94,e13de60f-4035-4ee9-a3ed-ff9e03677429,Stephanie Carter
95,fca8a79e-afa3-4b0c-9ce2-3a309673bf12,Kyle Martin
96,04737ef9-83f4-4ef2-a716-ed750a805e49,Natasha Wright
97,3ce7524b-7147-4e5d-9ccc-d621ad7f350d,Jeremy Shannon
98,b53dbcc1-d114-4a2c-a4cc-7c9b55368dc0,Maria Adams
99,bf6ec88e-a2ea-4731-bc3e-eea408db15f2,Cheryl Campos
100,aa19f977-4e86-4849-9b3a-b49c2022b07d,Jennifer Richardson
101,0b5d144c-339b-478c-9fd1-e39fc4c27d33,Lauren Rodriguez
102,cb6399b5-a97b-4bf9-91a4-17fcd7486855,William Diaz
103,7e2cd6b9-8f6c-46de-9081-eda55fb2f22f,Jessica Richard
104,012d48d8-3463-4dc9-9ba1-52828ee8b093,Brandon Lang
105,20a4daee-61e9-4628-be88-9f050fc9a680,Aaron Gardner
106,2234a62f-4fa4-4108-9633-de3e0f1784db,Gregory Werner
107,8e90928c-fd05-4f76-8baa-bdba83aef9fa,Brenda Kent
108,64d22598-806c-4b6f-bc1f-8f09c1803ad5,William James
109,cd848fb0-68e3-4051-922a-35842807403c,Daniel Cuevas
110,fc300ac5-34a5-4bd1-b6e7-ead0edbbfede,Jessica Robinson
111,47e319f3-9fad-4cda-82ff-c650ee168326,Mason Thornton
112,6561d7c8-ad39-4b5f-9e32-6f983e95da1f,Ronnie Anderson
113,23c3ac92-85b5-4ec0-b273-c5af930494ed,Barbara Pearson
114,88acaa09-e6bc-4f97-bcd1-4d2dc2e447ec,Ryan Byrd
115,d38164d5-9ca2-4a0b-a78f-0483b83254d5,Karina Zimmerman
116,8e4747f2-7bc1-4d5a-8ef5-20fc191f2c46,Elizabeth Miller
117,510f215b-0ae3-4b36-9510-be592ba0e857,Anthony Dickson
118,98be9b0d-7d79-4718-b586-badbc55634ee,Rodney Gardner
119,9c760fd9-186c-4af6-9e4b-5a31ffcba462,Justin Barrera
120,17232d2c-488a-4def-9b57-b5323d3b13a7,Erin Baker
121,c47f1b62-1777-4770-bd34-89eddef5cada,Megan Wyatt
122,99d40439-c038-47e2-a3e7-a4bb41af7858,Rebecca Carr
123,6fae3408-e6ce-4c9c-b6f9-ec428ee86e8b,Michael Baker Jr.
124,ffe414e2-60f4-4e6a-8044-0fe0d58a300f,Heather Ritter
125,798b9e23-c9da-4960-9507-2e2affb34538,Wendy Bowman
126,c630bd43-2038-4168-93ec-80d2b33a22e1,Cameron Martin
127,cc7eee57-cd5a-4bf8-a723-78a18f30682e,Mikayla Rivera
128,39b999b9-dcaf-4dd0-a319-e0048b5421cb,Brandy Schaefer
129,b61622dd-49ab-41f0-b4fc-fdca034dde20,Ryan Huynh
130,732b2d67-768c-4b22-8b78-36fc61f1fd9c,Debra Morrison
131,aa63a268-095c-4825-b032-bb155659581d,Ashley Bradley
132,9c328060-7ccb-4a96-b3b9-8416dfc3209a,Richard Hayes
133,0c527141-476b-430c-a6c9-20a935cfd377,Seth Frazier
134,1b33a6f9-655f-4847-a5fe-eff95cf67954,Taylor Thomas
135,e34ccd51-16a3-41ea-a6b5-849b2600ca83,Scott Perkins
136,0abc61ee-2948-4c4d-91e1-439a8ef47f63,Nathan Murray
137,2f96a85a-84c8-48f7-acda-6ca91a5c366f,James Thomas
138,0011b82c-aa16-47a7-bb45-8e7c7a10b2cd,Charlene Robinson
139,65189c87-c567-4247-9817-932b05ce1a24,Lisa Martinez
140,3cf841ba-7641-4100-98ee-3414264ae4bc,Erik Gordon
141,7f4edab3-6800-4aec-81c3-40373335d7ec,Steven Brown
142,d80f863d-f64b-4db9-87bf-95eaf485bdd3,Kevin Marquez
143,3ff8be70-edaa-4815-919f-882c263721ff,Debra Simmons
144,95a1cbc2-e433-4f68-b097-53d21fd46140,Calvin Mccullough
145,a3f08494-ef50-4163-9236-6977e8b86faf,Chris Graves
146,fe73129e-7741-420d-8fd3-5705545f4ed0,Stephanie Nelson
147,7db9fd22-4119-4a12-a9f8-03b750ffd2f5,Sandra Duncan
148,0778598c-2b81-4501-87f9-89eedf64710e,Joseph Adkins
149,4d26b048-1193-40ac-bb9e-0064884a6ade,Jeffrey Bailey
150,5383f2fe-3047-4b67-bf70-3f66a6126649,George Bennett
151,4827558c-41d9-418b-8244-252fc4b2b36f,Erin Flores PhD
152,2a8539ae-7014-4dba-93d3-7ba85fde766c,Julie Dixon
153,1a26d634-ffa6-4746-a6b2-ae397c50228a,Kathy Haney MD
154,5bbe1440-b311-4506-9d51-6b0620f0b308,Courtney Harrison
155,261a2788-3182-42ca-ac12-bd9415199e0c,Bradley Shannon
156,90785679-1afb-4419-b196-a302b2e15955,Melissa Miller
157,a9bd4d55-a567-4e04-a7d0-46368d457b7d,Michael Conner
158,271d3c20-dfb5-4426-8b1d-e198ce177a70,Anna Hunter
159,b519f98f-d566-4ff3-bf44-c60d99fe9350,Kimberly Wilson MD
160,6bbecfea-4f21-46d2-8b9e-58b632d85a03,Louis Walker
161,7b40301b-4359-4ebc-aec1-92503416fe15,Tanya Anderson
162,5b997389-0ef7-4b5b-a32c-4a6f9c84674a,Joshua Wells
163,0ec01388-3178-4a66-b529-fb1ecfa28c2d,Matthew Bryan
164,3f03244b-7c69-48b8-add5-b6a3692039c2,Billy Hughes
165,4263f908-1f7d-4196-b402-ad3364943335,Mary Owens
166,2f339068-300d-4b25-88ac-92b0b4dd8e7d,April Baker
167,32b9bf5b-c5c4-473a-aea0-9b3f1025d7c6,Curtis Moore
168,0a40bf0f-b046-4bf4-b53a-d892d44d0a51,Lori Chavez
169,cb9a8cab-c79e-45cd-9ac1-02f5ab26b884,Stephanie Adams MD
170,886956aa-bb2e-4786-b438-5a139b9bbc97,Robert Phelps
171,022fbc5c-b732-474c-bfde-3e6f93b0d683,Katie Ruiz
172,4fc4da3d-c027-4e9b-8d83-08beb38cd960,Mary Kim
173,6221796c-a1c3-4f58-b206-d9deaf9b2828,Stephanie Koch
174,cbae23e8-4d7b-46b1-b8ab-0f4b9c57a402,Leah Estrada
175,443e1384-f892-4443-b2b9-196081b6012c,Matthew Grant
176,dbaee27f-430e-4a93-a0b3-34d81ad62bb7,Dr. Erin Turner
177,d8e3af5e-73a7-437b-8284-d6a944ffe6b8,Bill Owens
178,d92f9641-dfe9-4ac6-9bfd-ab4fe046d11b,Darryl Green
179,9c2588fa-14c2-49e5-9aa2-3f86832f16c9,Lauren Love
180,1a971c1c-8e24-4bdf-9748-5ab95e7318cc,Alexis Mcpherson
181,40b90e2e-1873-4341-965c-dd1f298b71df,Debbie Lopez
182,037d3d50-af8f-47b2-8621-c6c51df0e61f,Margaret Bass
183,876cdaf9-2c86-4f76-b86b-9bad952676b9,Christopher Torres
184,a5f2d5e7-875c-4730-a7c6-05ab68a91395,Brian Church
185,20a78593-b9bb-4a24-84d6-96703a97f0ff,Dr. Chad Chavez
186,558efcc9-7fbe-414f-a9d8-eac72057f851,Elizabeth Ford
187,378af39c-49c4-46ac-8b51-ae0fcd0576b6,Melissa Sanders
188,489bfafc-4e2e-4a01-b860-b8046ca4f21e,Melissa Wood
189,795dd46c-f6ed-4ec8-9055-ef962bc669a6,Joy Peterson
190,32cd98f1-ea41-47b2-bdec-cc632a737bbe,Matthew Young
191,6629539f-f15d-4d36-adb7-479a6e9446df,Renee Gibson
192,9fdcd9b4-5b50-4b16-bfcf-861bdb646657,Leonard Jackson
193,d5035abc-1396-4a31-861f-40fb9b043bd2,Justin Duarte
194,f2fb592c-d0dd-49b7-87f3-f89e0d44346c,Susan Maxwell
195,d74281ed-aa21-49f4-8697-11fecde320ad,Holly Lee
196,56f03327-6c25-4db2-96d9-2bff5df77254,Theodore Anderson
197,7a5451f1-817a-4746-ae1d-21f20a9d4513,Brian Davenport
198,bd3eb9ef-3198-4d35-8d9b-a39a0a175f55,Alexander Garner
199,c17c1fe7-d891-43b9-ab90-d0740056ded5,Destiny Tran
200,21038870-a7f0-4e99-8224-f0088efdf0c2,Henry Zamora
201,f14c1230-87a9-4ab5-a157-f397e96af401,Michael French
202,8749b4ad-ce9c-4e50-8e9f-76eb37ae53e4,Lori Williams
203,94803996-274a-4933-bc37-8e4c22e2e40b,Julie Robinson
204,46b788ce-6600-4484-bf13-ed5313e2acb7,Deborah Morgan
205,b0605a8c-b413-484c-b8ec-7f6fd6c0c3d0,Miguel Ruiz
206,552a722a-9b79-4d28-844f-b96c240bf817,Andrea Randall
207,6e5fb4a1-3d8a-47d4-aa89-b959525438a1,Erica Walker
208,7066a34d-ecd1-401d-a241-04692fbd36b0,Carlos Bass Jr.
209,cfa16e44-8136-49c8-b460-b5a448eb320a,Maria Guerrero
210,d4aa6ec6-4fc6-4d15-a393-4d0f0f12ea82,Brittany Johnson
211,2e55e0c5-c021-4b05-a459-2a9a6bd2180c,Kelly Bennett
212,6fc45a50-d116-431d-a99f-76b7be43a6e5,Brandy Ford
213,a15fa058-b8d6-48eb-b1f8-90b3585bcf72,Connie Harrison
214,82359385-73e8-47b2-85fc-7b5a98d6bf1b,Karen Sanchez
215,6154b769-a580-4fee-a0e0-804c983db68d,Laura Hernandez
216,1d4f54f0-652a-490c-896e-ef42f4d0d687,Aaron Wilson
217,11a42084-2c7d-488e-a8c6-634aa2de337b,Ruben Bennett
218,a082d1e2-dda3-40bb-9fdd-9b46a7c78752,John Anthony
219,b6cae74f-69e0-423a-b7ca-35b0c9affb04,John Lowe
220,281ea5fc-5739-4973-8e09-dc455231276f,Diane Marshall
221,cb34cee6-263f-440f-92d1-b6c606f77f43,Melanie Pena
222,8f132ab8-63b9-4fdf-a440-a8536a3a9309,Pamela Smith
223,f0e4d029-7d49-4aab-be1b-3773c083440a,Kevin Hardy
224,51c77d5c-a160-4a8f-8031-a722b6077825,Brian Clark
225,ecde03e5-b5b9-4de9-8c03-9a5b5b364b99,Donald Weber
226,f33cb3cb-3f0a-4601-ba48-5ae7aed1e296,Dennis Lopez
227,97c31cae-963b-4fe9-8f4c-fb44b213d5a4,John Gilbert
228,e7dce58f-be46-42a5-b94f-2e4d8538dda4,Kristina Snow
229,f9727fd7-9354-4501-9dd6-c9c36175822c,Maria Cook
230,8b979060-578e-4abe-b429-9a0ec65bb55e,Steven Williams
231,bd2c17d1-6c51-49ae-84e3-f273bc62ea8c,Steven Flores
232,3a005dae-af86-4c31-9ab1-f7ba1bc329f4,Kyle Mckinney
233,c1d695ba-2c26-474a-b1ba-2d436e253c69,Victoria Edwards
234,6fa9c574-22d4-4d99-a443-ec1d10087204,Crystal Mendez
235,29b38d0f-4178-4992-a532-ca24e7f681f6,Sydney Wise
236,4c002096-611a-455d-9a15-376e7ba92ad1,Brian Cordova
237,68171989-158e-48bf-afba-041880e75689,Nicole Bailey
238,21e06675-b072-430c-8263-fee515a5eaeb,David Garrett
239,6f91c512-acee-4cea-86ca-1e4d5f691ee6,Corey Calhoun
240,27a0d10c-a7d2-45a0-a8b8-f7336e64d0dd,Trevor Rodriguez
241,9f7180ec-1554-4655-b928-f37dcbfd1095,Lisa Murray
242,09419777-b487-4553-9b75-5a6cfd8e5639,Mrs. Melissa Bernard
243,0f1c7a23-2524-43e6-af1f-4e5182d26768,Melissa Harris
244,8897da1e-68b5-41ee-8ebb-546016333fe9,Brad Hogan
245,122264bb-5015-49a7-a9fd-d8d4a7b9b536,Nicholas Mcdowell
246,018653db-9d73-4f64-adc6-e6312e3c561a,Sean Carter
247,c69cf621-9a3d-43c2-a9aa-f781a994c92a,Brittany Thomas
248,e23d4659-0b4f-49ce-9130-13d44f189d10,Angela Smith
249,e3397b79-940b-4b80-9155-33e5d1a0e12d,Rebecca Torres
250,9f825779-f453-4137-8711-59ec33ebb1b1,Robert Lang
251,aae4023f-7cdc-41a5-a933-1653fec02288,Molly Smith
252,cc4f1ce0-5f91-4667-b8f5-362c3b4bd260,Roger Carroll
253,e2cf4b1a-de1b-408e-9c29-5441c3ec75a5,Anthony Wells
254,33706b71-56fa-44f9-ab06-a67333e63e2f,Zachary Holland MD
255,6edfa569-4afc-48d2-9a82-3558789d4a7b,Kathleen Rice
256,b779da35-5db4-428c-88bc-adbb640fa956,Robert Lane
257,6cb81e9d-2a69-4ee8-9eaf-7e41034d0ce1,Jesse Moore
258,086b8b13-d433-4828-8557-c574bd80c63c,Lisa Ramirez
259,9ee01e5d-1a0b-4b33-9ff9-3425218cfbba,Haley Obrien
260,f8d9763b-de2d-4ea6-8d74-91cc6edc102a,Eric Young
261,207a7886-1c6f-4381-856a-e47c3b5b2a41,Heather Monroe
262,c5465e3b-3662-42c2-ba58-b89d7e490089,Kelly Kelly
263,a38a60bb-13ee-47cd-bb19-884cabff25bd,Richard Cannon
264,c974bcac-493d-44dd-a846-c69cb74fa96a,Miranda Dixon
265,1e47c995-23d2-4fd9-85cd-f73889cb03cc,Veronica Garcia
266,5b343244-a68d-4ec9-b9e8-b6a4c20c0706,Jacqueline Pineda
267,2b353b10-948f-4eb6-8c40-e7f8f96b587b,Kenneth Lynch
268,773ee2a2-b0b2-4b82-b39b-79063a62aebf,Troy Hayden
269,2e013ee6-aa6d-431c-8490-e5f2b20e9b60,Derek Smith
270,d165a6e2-cca7-4193-9ccd-f762f8686f2d,Dana Gentry
271,116032c5-cb56-4cc4-91c5-39e0b5a8d412,Larry Ward
272,7f96606f-4fd3-4ca8-8b84-1cff6f6550aa,Joseph Fletcher
273,0ec8b56e-9b68-414c-b4d6-0f41a828ee9c,Richard Holloway
274,1cff2abd-5354-4ee2-81d0-461baa8ff2a3,Shawna Hill
275,a2eff5b2-2de1-4398-89c9-2e95b7907f14,Harry Taylor
276,503279ef-bcdd-43e2-bfef-168ed492fba5,Elizabeth Chapman
277,99ab5f45-89c9-4f0b-982e-6f1ac1c21083,Dr. David Murphy
278,bc4d00f4-75e3-45fb-a997-25e8f575b020,Courtney James
279,9b4fce21-c943-4619-ab69-95917bc475a5,Traci Maddox
280,36164136-0278-4fb7-94bf-a359199f02a4,Sarah Haney
281,9d222c30-5418-4fbb-b959-5f6f4c8b3e9d,Robert Skinner
282,29588c19-7f6a-41fb-861a-e796268c4644,Rachel Graham
283,7be46feb-8dfc-4b4d-8c41-293f58b3f0d1,Jennifer Manning
284,087fe65c-6a48-4ed0-9b43-b9ab85335e3a,Jonathan Bennett
285,84b89b77-2726-4d6a-9878-4db8e18264fd,Danielle Weaver
286,416dc86c-6302-42b1-b2eb-3e931960ce75,Ashley Franco
287,89ecdd04-a4a9-4e5e-aa3b-e8754de22bde,Kristi Keller
288,4ccf42e9-2865-4dfd-9f23-5c90c5eda028,Amy Taylor
289,276fabba-f2ae-4c6e-9c82-91a24a6eed19,Andrea Callahan
290,13f37672-5671-4ffd-ad9f-1d16daacd120,Allison Oliver
291,95c36a44-5db7-4811-b486-eee283a9b97c,Benjamin Brooks
292,7abd7ca8-4f04-4680-91c8-06e1dc5494f2,Michele Mayer
293,3144a3f0-f4bb-46e8-a695-d8ec86fa648b,Virginia James
294,0b96f348-f031-41d2-9e35-e48fb11e9c06,Luis Francis
295,a7a3cce2-989e-4a32-9a7e-bf6c8b012ba6,Michael Lucero
296,8770d575-31e1-4fce-9a7d-930f7ad6eb9b,Diane Hunter
297,4cbb83f6-0b1b-42e9-96fc-999e95187ed9,John Drake
298,203aa5e9-479d-4f7b-9783-03caef2131a9,Jeffrey Franklin
299,6e7ded3e-99cf-440b-aee6-c64bc2430661,Michael Walker
300,fe5728d3-a24c-4efe-945a-5ddbc2688c81,Carly Harris
301,ba2d7bd0-a9ea-4f7a-b1a8-e841f8446cf7,Nicole Hall
302,672c8b1a-f1e9-488f-bbe3-fafdc04ff028,Charles Adams
303,b4633e23-674f-4e77-8769-2ca17ba0c770,Dr. Melissa Russell
304,ba7c9bf3-de2b-4607-b5d0-5b59727a777e,Tanner Mullen
305,6ddbe509-95f4-430b-a6ec-12fa094d8f31,Tiffany Turner
306,41b38867-2ef7-4d7c-86b8-f0993ffda676,Pamela Peterson
307,2200d8a3-7b0b-4a65-825d-a1f1c3f2c41e,Christian Mathis
308,97ddd9ea-ff7f-4ba5-8d2d-34faa1ccb7f5,Kaitlyn Allen
309,b77f8a40-2a4e-443d-bd78-3aa07d732ae0,Jeremiah Smith
310,78db7764-e733-405e-bb79-45a4f79f9493,Brandon Lindsey
311,909a5bae-38d4-4bf6-b950-21cba0425455,Robert Campbell
312,962075af-562f-465d-bf2e-c0e90fdb1044,Scott Reyes
313,1f99e81f-3d66-4e56-a7c7-afa364706fef,Kristin Frank
314,0b8e6f40-61fc-46c6-9e4e-c4faecccf8f5,Christian Schneider
315,f5208f96-ad61-4095-b77b-fd7f3a90a189,Eric Porter
316,bed560bc-4624-483b-af75-c8d6974efaba,Connor Hernandez
317,279562e6-b094-4c23-afe8-8d064019bf57,Jessica Lewis
318,9b8849e5-d3da-4e04-affe-cfc9915f3837,Stacy Ibarra
319,4b10da9c-f80f-4ccc-8ede-16525e309387,Jill Contreras
320,a94c0a13-9077-49e4-81b3-32f258e15b51,Sally Eaton
321,46f31ce4-4bc8-43df-979a-11379bb97112,Kristin Mcintyre
322,d28548e7-d0b2-4ac9-b478-91e6b3e935b3,Mark Barnett
323,c9da2b03-b186-4616-ba8c-53d71c2f1049,Don Duran
324,498bb129-7c3a-4ab0-8ca7-39b8c27594d1,Claudia Rodriguez
325,3d42090a-ade3-4981-91b2-93984d314c3d,Christina Howard
326,e123ebcf-fe91-4237-9334-2491a3da3eb0,Barbara Jefferson
327,fc9b0e3e-10a1-45ce-9631-ec4e7075eb17,Jodi Mitchell
328,4da7f88f-f161-45f6-b01c-d58a1430a4df,Robert Torres
329,fe9c2c34-8c67-414e-a00f-f279c3d02787,Brittany Brown
330,5fe5bcb4-3c25-4a56-9ea9-48dfc08f8483,Michael Bryant
331,b4ff1712-8281-4601-bd6c-8ebe1dd98df8,Dustin Andrade
332,d1b78794-98ab-4212-8be3-642e92a7420f,Robin Vargas
333,ad96e142-6b5f-4e20-b941-bc6f8b469afc,George Cross DDS
334,b9ec20e0-6cd7-44fb-b7aa-a7051d72d0a3,Robert Lee
335,b4d92577-ba32-47fb-87fb-e1a14b7c6423,Debra Hall
336,4068d60a-8e6f-4a1a-b0e8-b929f30a90f0,Danny Walker
337,8e4df6fa-4bdd-49df-a7c6-757c230efbc3,George Garcia
338,04fe2e26-61fd-423c-8e6c-a633b0a15a68,Shelby Gonzalez
339,bbdf0a6d-b589-4d3a-9e4f-e56823185e49,Angela Huffman
340,49d62a93-0505-409f-a5bf-836ec8746f83,Amber Cortez
341,a67e7609-fdad-46a2-b329-8607a253422e,Christopher Villa
342,6cc0263a-d83f-4a57-b168-3dd8310d68cc,Roy Stewart
343,591519e4-37e1-462e-85ff-2765f15ef938,Karen Patterson
344,c3b23f3f-d15e-4abd-abb8-2a77981341f9,Joseph Griffin
345,c7b9f613-2853-4a8a-a0d0-b12145ebcd0e,Julia Henderson
346,8ccbe8d6-10fe-4edc-a17e-d6c2ddc155c1,Alexis Graham
347,d3900cc6-9ff0-4ce5-9176-d60b6b3ab9b4,Cheryl Robinson
348,27528665-9711-4347-93d3-b506e9fd52b4,Ronnie Knight
349,74730ea3-8b77-451e-b093-34986be28e1b,Renee Clark
350,0325e484-11b1-42cf-ba28-4186c2742c84,James Robertson
351,740494a9-c1a3-498b-bbb4-5f15370fff79,Kathleen Kane
352,0777c2c7-970e-433f-b3e3-eeb043ea76c2,Colleen Johnson
353,ab5014d6-a98d-4114-bc27-c74640f2b7a7,Kristin Payne
354,1179087f-a286-491e-9b9c-8b8a19065172,Michelle Mendoza
355,7b3dfbc4-24ba-4059-a5b6-a6b37fb8f7a3,Corey Rasmussen
356,9ad8a533-2497-400d-9f32-05e15c012030,Sydney Weiss
357,c7c337d2-1837-4e49-88d1-9b21abec1569,Veronica Farmer
358,9f5ab2bb-07d4-41a6-b639-cc2e1d03512a,John Phillips
359,c30fd91d-3c38-40a2-a1c6-fe5fc3eaaef9,Brian Bradford
360,490f6783-87b1-4009-89e8-2d2b224aeaf2,Joshua Ortiz
361,77a1079a-be49-40a8-9121-c97b7ae7949f,William Garrett
362,5ba485ef-a53f-4828-a8e9-fcce98d7bd4c,Daniel Marsh
363,3b7662b2-e4a4-4448-9fbe-3f31be4a96aa,Kevin Tucker
364,a12e91b1-981d-4bcf-b4f7-a30b0c2669d8,Michael Smith
365,7574e3a0-2e88-4de0-a1af-5f14d55fb633,Mr. Robert Wilson MD
366,dac795d9-395d-4d32-92a5-f8f6614fb52b,Dennis Kane
367,72d25ed4-ece6-4d05-963f-8a878c5256f7,Brett Webb
368,7270e44b-1f7c-4345-a6e2-33ef1abfba7d,Courtney Lee
369,bb72c2a7-08b0-4d17-835a-90037eba1552,Daniel Smith
370,ce0c9668-3ad5-4ac6-a582-d918d906e0a4,Kimberly Lewis
371,b0893d48-1581-4236-8ab3-6cb809a4ba12,Jared Erickson
372,c8839f1b-2867-4943-854c-8d52dd019209,Brandon Lopez
373,4e0c486e-73b8-477f-8ec3-64d72e96d0d0,Manuel Price
374,0efd4c17-5d75-4a2f-a0b4-ced236ef7848,Regina Chen
375,1f160a18-cf3f-4e1f-aec4-4cf5e0cb481c,Kimberly Wood
376,3a9cffb0-1a35-4db6-85bf-ccc280f271ac,Robert Kim
377,2e548d4c-7981-4b19-8182-80b6e089acb8,Matthew Morgan
378,04b04261-8829-4840-95fa-d20f08f5384c,Martin Henderson
379,8ca1b64a-833c-44a1-aabb-95ae9fdf5d2b,Adam Barrett
380,cf723032-fe39-4199-8e6b-1596f0abe2bf,Kenneth Wilcox
381,7bc7ee7f-960e-45bd-9500-184fa65fc46a,Melissa Allen
382,f600d152-d747-426a-8fe1-67ceb380c4a0,Joshua Martinez
383,138a21de-934a-4658-99c7-52451e59ddda,Michael Miller
384,79e1fbd9-da49-4ea7-a19c-534c56fec98e,Brandi Jackson
385,c44b97f4-691c-4aff-a24f-29698ff7ac92,Monica Warren
386,488900a9-0b3e-4834-bd79-8a70add3be49,Courtney Dunlap
387,1d969b1d-0b89-4b8f-b476-49d3cb024146,Amanda Castro
388,4f0c7630-53ce-441e-9633-b8bbb4552dff,Christine Morrison
389,5a191d5f-d9ff-4280-81ec-11344b162854,Samantha Ward
390,b8664c5e-b904-4d4c-a1d5-f5560e7a290a,Kyle Logan
391,d9c19e4b-3a5f-4edc-92d3-c4c0e918c95c,Annette Turner
392,6c8f4de0-279d-458b-ae76-c17bca5277c3,Sabrina Black
393,9bcaa6f8-1267-4846-a841-e00e8f010b2b,Austin Tanner
394,d838004a-8ccf-4985-ac18-a4f033cc0608,Keith Perez
395,cabcc186-d3a2-440f-ac30-7f870bf969b4,Gregory Reynolds
396,c6464746-9d08-49a4-a4c8-7f47a936c91c,Shannon Yoder
397,1d2e6169-709f-414a-ab64-376e30ec0602,Michael Hall
398,176de0e9-5ed8-47ab-8bfd-46b3c8401ee7,Ms. Dawn Wyatt DVM
399,50b17e53-c416-46e8-bff8-fb160611290d,Trevor Pierce
400,ee0d46a4-720a-46ee-a687-eb3886cbbabb,Robert Mitchell
401,40fbc697-db64-4473-a67e-35f76a884112,Carl Dorsey
402,6e11cc6f-c01b-4541-a2df-adc8eff3f173,Darrell Cox
403,ae099d44-0c2a-460a-ad5b-f6b751114f02,Teresa Perez
404,18346b2b-058d-4b8a-9b14-53aa0962c228,Ryan Wallace
405,eee9d95f-b1d5-4a66-990d-9d1ea0c68a71,Kathleen Williams
406,f3bd1712-26cb-4f90-b72d-d673458288d7,Dylan Smith
407,0f91bbb5-a5ab-49fa-8b43-d3013676789c,Valerie Russo
408,070719cd-d612-4a44-b06c-a1ce86a94cc6,Kristin Benson
409,9969ba24-ef8f-4e45-83c5-3eca299dc0ee,Christopher Thompson
410,22bfafb4-f4ab-42dd-ac01-2a40e4460950,Karen Pugh
411,dbce19f7-6eb6-4775-8752-0908bebbda84,Jordan Allen
412,c165807d-71d5-4117-a34b-632cb9cfef10,Kathy Nichols MD
413,ba609101-36e9-48c6-86a6-12dc5eace955,Elizabeth Schmidt
414,8609ec7f-f273-4ebe-bd84-bbe92baa1987,Katherine Lutz
415,adbcf619-f44a-45cb-8a78-1589c23ed439,Scott Young
416,01ecc260-198e-41b9-9ee0-4f8d57baa000,Mr. Nicholas Smith
417,599f6d82-a3f6-4905-98f8-0d6f2749edd6,Lisa Mason
418,df5d9e18-bfbb-409a-b323-9d4829dc65ee,Wanda Diaz
419,595b9a6c-17ff-4a03-b38a-70110a20d3c1,Brendan Figueroa
420,51cffde9-fc01-4663-b469-9eba2cdfa4cf,Jennifer Miller
421,caba8639-cfa8-4978-9c01-2107eb0cb546,Daniel Jones
422,34474ee0-8210-4164-aa77-56e5d9af521b,Melissa Wolfe
423,37ec7ed4-a3cf-4247-a45b-a6dd0f33606d,Amy Hall
424,61a66707-62ae-446d-ab71-80e231cb48ce,Benjamin Davis
425,6a6868dd-1a12-4ca2-8f61-c530b4df8962,Carol Christensen
426,81512bda-42ee-4450-ae49-4fa3ae1598ed,Brenda Morris
427,52493b51-a82a-461e-a0fa-4cfcde19da14,Mrs. Stephanie Riley
428,5dc1cc42-c227-44b1-93f4-c04f08c6c2f3,Maria Cabrera
429,34155129-da87-46b5-98ae-6d7d9ca1759d,John Gross
430,b4569cf9-09ed-4d9c-9304-2c5db97fa620,Megan Fischer
431,c6bff513-0d65-4bee-9a59-817f03270ce4,Charlene Henry
432,13344ba6-81bc-4b14-af45-570eaa27caa5,Nicole Johnson
433,5f238d22-a4ab-428c-9969-2aa12b43425a,Christopher Pope
434,a20f7f0a-adbf-452f-8489-e384783e362b,Sandra Myers
435,6c1bb4a4-ab80-47d2-a2b6-67c9ea72055c,Lee Hill
436,9a585e83-a353-41cb-9d49-3e496f7a23b2,Ashley Washington MD
437,4291ec5c-9557-4c43-ad14-201048a1b532,Robert Everett
438,b95a36d3-4252-4c1f-b825-7e0f349bd7eb,Sharon Hardy
439,a3bf56c2-7dc8-4afd-bb4a-78488e998057,Robert Robinson
440,3bac0cbb-ae33-48f2-a220-3822cac5a318,Karla Vang
441,f9469763-8858-4c13-a847-a92c17b55deb,Eddie Glass
442,71504dbb-7ffb-430c-a9bd-faa8a98cad55,John Perez
443,11223e48-0294-4da6-8f3d-c53afd9cd134,Duane Myers
444,f16c723a-cc62-4eb2-8259-c8d21fc1fe25,Tammy Patel
445,d4638f82-235b-41e4-bee3-4d8cffba374d,Tony Lewis
446,ec079825-3912-4817-aa27-1f2215076be6,Michael Ford
447,9cacd1f5-9b1f-4c9c-9a02-9643ba700d20,Richard Baker
448,54b99a07-d79e-4385-9a58-7b0892c8a7d2,Jonathan Herman
449,ca6e1caf-94eb-484d-b890-63820960a9a5,Michael Hernandez
450,c10d2798-78a8-40e6-9ac5-b99276a7fc7b,Scott Jackson
451,5295b2a9-dbec-4e90-bc68-449c257e3223,Sara Martin
452,c6caf1db-4813-4aa1-b569-2f7179a14693,Christopher Owens
453,dc8120f1-ae0e-4253-988b-27d54ad6ec2e,Stephanie Navarro
454,e6e5435a-b0af-42e7-b628-0ea4734e3161,Henry Strickland
455,25d2f8d9-1760-407f-bf6c-85e3cfe54fc7,Marc Green
456,0929866f-bae6-41a5-b078-72c0d68c2f7e,Samantha Humphrey
457,fe53df50-f42e-41f3-82c6-dfbf8ae217ae,Harry Smith
458,2790064a-ad0b-463c-9299-ede16dfa01c4,Matthew Love
459,141e9aa0-22a1-42fd-b7fd-6583a9a39a9a,Zachary Turner
460,85eda5fd-09c3-4d8e-bd45-4664b5ef7796,Evan Williams
461,bbc16c2e-0cd1-483d-8b1f-b2750ff60d10,Fred Gibson
462,bbf21a81-9358-48a3-a1d9-02074ebac301,Alexandra Chan
463,998aa725-d226-4d05-ac87-eb8974ce5011,Jennifer Porter
464,2ebb9224-a9a2-488b-8b02-c6d24ed80b57,Kristin Lewis
465,b93e151f-7bca-44be-8772-bebbdd7afc3a,Judith Swanson
466,a4d86d8f-16ae-48be-bfd5-9d0401b74841,Martin Greer
467,fec49dd5-c41d-4084-9805-50949395ab4d,James Beck
468,0d30de94-11c6-4c06-bfd7-385ac796b3ef,Theresa Pennington
469,28825b65-752f-4057-b1e5-90139e2d96aa,Connor Watson
470,4e3df3a3-a97c-47f9-9f38-ef48adf3c79f,Robert Allen
471,b8e671ac-813d-488f-811d-d414523dcc53,Nicole Lewis
472,9a8124ea-bb56-46e1-a1f8-2eab1bc4a2f7,Kelsey Walker
473,62912e3d-f1a7-4b14-9ec9-a7de8b970a8a,Kimberly Morris
474,2e9e5d6f-4736-4f33-b093-9d61804b498a,Daniel Stevenson
475,1cbbc3ad-c6da-464e-9492-92a1a372db0f,Heather Ferguson
476,022c47a8-c00e-4418-a538-904bafa32959,Jon Rogers
477,ecad0776-a0f4-451f-be7b-84fe6b3b2933,Charles Edwards
478,002c5dd8-daf1-4ff8-ab28-62c79207805c,Nicholas Colon
479,0dd9faaf-c72f-427f-93a8-639a6c2e1535,Deborah Patterson
480,ec85c561-f171-485a-8857-11ddf7378abd,Sharon George
481,0b1d49cb-fa69-4d87-ad48-64b208919538,Nathan Cox
482,2d1bac1b-9783-4291-ada6-875981271e15,Kathryn Black
483,e0a3be42-51ce-4bb7-84ee-6f0ef196b5c1,Elizabeth Arnold
484,6f2810a5-5525-4590-be42-9e1ecd663fa1,Rhonda Bowen
485,eae24172-d22c-44c1-b704-62fb530e4c82,Evan Marshall
486,0013da22-b2de-4f0f-a250-8ca5dcbeb589,Dwayne Gilbert
487,5bd5ed9b-e35b-4b91-b473-34f3df93c464,Charles Howell
488,21d0bd82-1f5f-40c2-91a2-e014da8b40e5,Stefanie Stewart
489,dc05b672-911a-47c6-98ef-236439c7e38b,Joseph Robertson
490,bb167186-e0c2-4a02-82e7-56dca2ae7dd9,Connor Jones
491,25e0c579-c325-418b-8461-310ffbbd3489,Melissa Larsen
492,3b7fd2a9-5c7f-4a2f-8ce0-20a2fd9116e8,Peter Green
493,efb936a3-8ab4-4930-9715-b53925cf5a47,Carlos Campbell
494,6fc7abea-4392-4887-92fa-57dee20712be,Alicia Clark
495,ae97e81d-fb0f-4715-b732-acd5084e3edb,Barbara Smith
496,64d2a2d8-7f34-4a59-aab3-a9c6e5b5932e,Renee Price
497,36b38955-8aaf-4672-940b-3f1b54c1443c,Walter Saunders
498,7e94002e-928c-46c2-9256-8276d684ea25,Christopher Foster
499,5d72d519-e7c3-40a0-bd63-dccabf71adc2,Jermaine Young
500,1aa28429-d10a-4c6b-bcf8-ff3277b80060,Brandy Joseph
501,4ab0f7f6-d286-47f4-b4ca-8d1a6c3bb794,Nicholas Gray
502,779165f9-7c59-430e-a66d-3b29ad8d85a5,James Santos
503,dce2810f-246d-4ed8-93ef-ea080791ff63,Alyssa Cruz
504,60378c3e-d935-4194-b8c5-704234613fe7,John Wilson
505,d9d577c2-79be-4a32-8e8b-0ab9f1037a25,Larry French
506,9679fb8f-00fd-4007-8125-f43557c2c67c,Wendy Tapia
507,6e8214b5-00a1-4903-b31b-194a88aeb670,Savannah Murphy
508,6316b362-9adc-4fa0-8313-58ccd5f6297b,David Smith
509,dab42521-1d0b-408e-9e47-27a728f332ca,Kathy Thompson
510,7696c077-ff61-4ea5-8ee3-68af7e079c53,Jeffrey Foster
511,2dbf9429-0bab-4908-9926-985498eae476,Brandon Alvarado
512,7f67766f-b6b0-4d33-88db-fcfce04c1d4e,Marvin Kramer
513,34650ac4-28ea-4011-9b65-bf14772dbcb5,Sara Dominguez
514,3267ca6e-694e-4fdc-aabd-56052f9a1ed8,Michelle Tran
515,9d899e73-3420-4894-b842-419863f2395d,Jessica Grant
516,8a813082-8354-4f36-bca4-56d0587c31ea,Vanessa Serrano
517,0d108f30-3c46-4a4a-8120-145bacb20ff8,Christine Brown
518,bf60c53c-7d67-4c60-920f-8d50f6a95a9b,Adrian Harrison
519,45d75080-2adc-4487-8d28-31af9744164f,Laura Sparks
520,d370ac83-d999-4e5d-bbe8-783a274e0ea3,Taylor Smith
521,e12de3ce-a455-4105-8c52-fd67c8b8d017,Dustin Santana
522,d9aeeb51-ad39-432a-b452-aa4153906a20,Stephen Smith
523,7810de7a-29da-44b6-a103-43b209187b28,Katherine Wood
524,7e6cc34d-946e-42ba-bcd7-330db2eb904c,Susan Taylor
525,6bc09b76-c5d0-4aea-bfb8-20f11c623c7c,Elizabeth Lewis
526,a66c90e0-8e84-4395-9cb6-4cb2dfd42bc8,Shannon Taylor
527,d61e16d7-bd6c-4bed-b754-c6a40e72be39,Laura Powell
528,b9380fb9-e237-4fa8-afec-248c828aacc2,Crystal Porter
529,73b91e88-7995-42d4-9487-35e11362a1c7,Benjamin Turner
530,a45bcdc0-f39c-428f-8322-2ac7503a8ddf,Alan Cruz
531,92454faa-d911-4b85-9fe6-eb24e40a22ab,Kevin Gomez
532,abc74773-0162-4752-aa18-06a2e33c48ae,Michael Thomas
533,01da2b03-bdae-4d10-9259-64a4430e896f,Dylan Lopez
534,813bb4bc-6d4c-4faa-8a01-90c0363b9edd,Dean Booth
535,bb49b25e-5752-48ef-8a9f-8027f59cfcbb,Ernest Martinez
536,13bbf093-f379-4af3-a2d6-2624c03255a1,Katherine Spencer
537,2a83d7c6-a2e2-48ac-9759-d1aef47e2755,Erin King
538,daf7813e-2906-48f5-a819-31768e8cc5e6,Benjamin Rice
539,651155a7-e181-4abb-9a2e-3e6f4eb87f13,Amanda Kaiser DVM
540,2f7d52e9-3bae-4232-b209-8ca841d4901c,Casey Howard
541,3f754abd-6058-4203-b737-4aff827768ac,Nicole Hall
542,8f796ee1-c7fb-44e6-a36e-aebbd3ddf62c,Christopher Smith
543,f22f057a-b675-46f7-b3b7-fbab40b5e2e0,Stacy Ferguson
544,d94d82ac-c37d-44c1-926c-7b8cc844121c,Brent Conrad
545,07c40d25-0a30-4777-ad03-49d45e6963a4,Pamela Rodriguez
546,14a36c10-ddb2-404c-a96b-6a485fb61045,Gina Bradshaw
547,2a151ca6-0cf0-46b5-a157-5a83b674aed5,Dr. Bryan Flores
548,5f253e1f-4321-4834-a351-9650c3c9f3e6,Brandon Duffy
549,2726ac3b-c323-4929-af1b-ac063acd4390,William Sampson
550,1805d658-c6e6-4b13-9d8a-77ec60117e8b,Stanley James
551,f849b913-e61b-474a-adc0-096af39c42ac,Wayne Baker
552,535d8817-8854-44f9-9c56-9a2cc9991099,Stephanie Evans
553,aacd46cb-2a57-4f48-992d-1f8309a6010c,Barry Mann
554,658be04b-6646-48ca-bf62-00dc07432ded,Christopher Townsend
555,90eb091b-ab0a-496b-bcd8-e9ed2d06c5e3,Gilbert Kim
556,2faad148-4703-4fa4-bbc9-0ccd3c08bb61,Anthony Simmons
557,a7522066-0950-4380-a283-fbacbcc76473,Alicia Blake
558,85d1278d-4afa-4a5b-9f39-5f01f967e864,Jennifer Medina MD
559,06918b71-74a9-45ec-a5f1-f810a3c16e0e,Jacob Lloyd
560,82f2d7c1-7df5-49da-947f-4ecd8de56394,Zoe Graham
561,5db0a731-8db9-4264-8ca1-d2f37926ebf1,Michael Harrington
562,ab6fc701-5fe1-4d0f-9a45-85e1f483ef82,Christopher Haney
563,1aff1c52-cf6c-4227-b7a3-959dc88220e0,Christine Harvey
564,1e5443eb-4fdf-48d3-a40f-50246d45bf40,Randall Reed
565,dd6cf1e5-b29f-4e39-bb62-f910a663f998,Cheryl Howard
566,cb8eb845-ecb9-46c2-9357-93e5a8d1f692,Paul Perez
567,cd999a4d-045e-416d-b884-0b545d6dffbc,Gregory Moore
568,ce497d54-bd58-4f6b-a9f7-7aa3c10f7b9e,Heidi Jarvis
569,c4f065a4-4ae4-4592-a995-565ccb7de87c,Michael Hensley
570,4904761c-ab2c-41c8-b536-3d0ff2b44a44,Sara Powell
571,967d2b1c-dc5e-4d24-a83b-af2c24a61dbf,Brandy Mcdonald
572,1d636c7c-34b9-4e4c-94c4-0adcec4f44e9,John Kelly
573,c8941a35-6bd8-419c-9a6c-b0344724878e,Lisa Aguirre
574,8cf6a404-3f1d-4fd9-b157-2d914167f3e5,Donald Robertson
575,e60e7c27-252a-40fe-9d20-33414279f07f,Gloria Huynh
576,35f6d373-bec2-490e-9257-5cee63bacfaf,Brandon Fisher
577,16548d51-982c-4387-be72-d40d0dfe7eb0,Sherri Hernandez
578,0ea7ab7d-56da-4c72-b19d-5070e4b138a0,Matthew Jackson
579,1396bd27-64ed-4028-b764-ef525e8a24dd,Ashley Miller
580,a2376118-ccbf-4547-bd76-7a27019711c3,Nicholas Meyer
581,ba84997f-c2df-4b92-a096-ef84c1db96f7,Deanna Kennedy
582,88b09499-d3bd-4677-9458-79a050217b42,David Black
583,79e36f5a-7325-43aa-b92c-e164b6615081,Victoria Wood
584,40d3c131-8079-45c9-8848-e12d2ad8c622,Victoria Villarreal
585,99a260e4-6580-43c9-ab64-80c1fcf9c92a,Karen Reynolds
586,aef45e0c-3a6e-4a8d-ae16-ee8013763646,David Foster
587,4260712b-0ce0-492f-beee-be1de166f303,Karen Howell
588,a8a3496b-c272-4a43-a6a5-2a2553f1cd42,Joanne Mahoney
589,313d3621-1c8e-48ea-8217-7a569670cd38,Taylor White
590,bc1f0d62-0cfe-47b9-bc40-1e1d44461e43,Courtney Martinez
591,04b11a00-10c4-4552-ae08-ddaee1ecdcfd,Deanna Torres
592,1c46c67d-079a-4c3f-95a6-5f4b515506d3,Cindy Adams
593,54992cba-18d4-4ed1-b28e-d4184a8edc6d,Christopher Mitchell
594,d0641712-58fe-47b6-9342-c4f6fd7c4cad,John Henderson
595,0abeb2eb-d9ca-4a68-b9f9-b824f483c8a2,James Cook
596,055788bd-c767-4359-91d3-0fb57f3d340c,Gregory Roy
597,58d08c27-f11b-43f6-a447-6badaa989f84,Sarah Smith
598,43884b5f-6792-4670-8967-33bbf7b27bb8,Cheryl Patel
599,cbdf244f-71d4-4d94-9d64-d0a8747631e5,Brandon Roy
600,c9389080-b486-4f10-8159-6bfc27c9a9b1,John Bennett
601,69624f94-4f65-4fc0-ac5a-b9f57ea98a63,Heather Henderson
602,c28def3d-566d-463b-b27b-762faf1d99d3,Brandon Small
603,f4cc9bc3-f8bc-4a12-96a2-529ab28bff6c,Johnny Ryan
604,7d170d40-4c82-4f73-b91e-202bf5a8765e,Kathy Harris
605,ed57cec7-f196-4154-ab76-ac80125ad272,Michelle Barnett
606,b80b22bc-09d8-49af-8da0-9947e7b8faaa,Michael Schultz
607,ae9cba4f-aee2-447e-9973-4b16587da111,Stephen Sloan
608,17737965-eee5-4f6c-85eb-269c279145a8,Julia Baker
609,f44e6482-8a7d-4b7c-9413-3fd01502a402,Cheryl Atkinson
610,de8e78bb-59d9-45ed-8b23-837bc4e319f4,Daniel Edwards
611,0b16fa43-d790-48a8-ae87-11248e4f7086,Michelle Gaines
612,1c2666c6-5082-494e-b596-ab52a68b09a2,Douglas Shelton
613,eada8bab-e2c6-4dea-97df-c6b54709d7b6,Sarah Smith
614,21670868-ce30-474b-8d33-93e0534da0d0,Adam Rowe
615,5c382aed-e669-4d9a-8189-a52a6378b7f0,Matthew Green
616,17967f2a-6a7e-4c1d-9572-7f6431aba608,Richard Jones
617,4e4a6c25-e5ea-40c1-9c43-e60a9604ee32,Brett Santiago
618,2a974089-b36c-441d-b855-b7b157747b13,Christopher Robinson
619,5e61791e-0765-48a9-81fa-c861d18c63f8,Casey Miller
620,13bd5e85-fa5f-450a-98d6-3882e6d173ec,Kristen Mack
621,d8911e0a-7009-48cf-91ee-3eb60aa5053c,Scott Ray
622,66471625-0a81-4dc8-b899-0db6e62eea82,Amanda Johnson
623,397fc898-7af2-4fb7-9a05-de1bec48432d,Amy Ford
624,4b00fcd6-ffd6-4f76-a29b-ca27b0c4cc1b,Gerald Odom
625,eb3c4c03-d545-42c4-af38-e75968542c10,Alison White
626,0934dc9a-ee4a-4444-8647-11d8d84ef60b,Lydia Khan
627,e6f70a4f-8829-4e2d-a61f-9967421bbe57,Suzanne Farley
628,99583b4e-a421-4e5c-8d82-a53f32e4bc12,Lisa Jones
629,a5f9584f-c0d8-4fb4-a42d-2936a938efa0,George Moore
630,1d39a4b6-76ad-4370-9211-6ca491c46411,Amber Lopez
631,a7169033-6bf0-43d6-96b3-737ddfe6c4e4,Denise Anderson
632,ee9360b7-fb71-46fc-9c18-1a895320148d,William Davis
633,36729e7c-ae49-4680-9638-c12cbfdfd342,Kristina Smith
634,90f92584-5386-4b99-966d-2e163077cfe7,Robin Sanders
635,8098bbc6-d955-4f49-957a-958b880d300e,Carol Lee
636,6890d518-4c40-4144-bb02-ce161187dd74,Amanda Martin
637,e34ac029-dab6-4b50-a260-2b0bccf18aaa,Alexis Cervantes
638,8613abde-2576-43c6-be9e-cddd7b157594,Chloe Payne
639,04f87699-4f5f-4bbc-a80e-3098c2bbea1d,Casey Martinez
640,182ee6ca-0bc0-4a05-855b-4957b3800b58,Donald Diaz
641,861f030a-5b6e-428b-bda9-d145f23bcf8a,Joshua Webb
642,bab5dec7-3ef0-4c99-96a8-3557fb3bedb8,Allison Young
643,6bb25d0e-ea27-483b-baad-38f231903be4,Anthony Silva
644,8a9fb53f-d77e-4437-8ac9-b6e06628c66a,Crystal Thompson
645,b6fe9090-ae95-4cf7-8bed-321f5547b674,Chad Walsh
646,22d6364b-a634-4e11-a029-879624fada8c,Donna Collins
647,415ca531-c398-4add-8039-ad0c886dcdea,Charles Allen
648,15f7c93b-ca52-4de9-8e05-c150d05ffa4a,Kimberly Schneider
649,50f145c5-f169-4371-81de-f6ad82be980c,Mr. Brent Ward
650,8cce9242-e314-45f4-afc4-bd864ea3d2aa,Derek Brown
651,4d7eeb37-59f7-4a53-96e0-64dfac08742b,Charles Hernandez
652,459d9c06-9ccf-4eb0-beb9-8c22c42cde2a,Paul May
653,08642c1b-6afb-4c46-9512-c016c2a34435,Ashley Santiago
654,0db724f9-36e8-4944-8d85-d7f4578672e2,Courtney Rivers
655,d0ea1b27-a0c1-4f20-a1a1-39b31b48abe7,Emily Bennett
656,239cefb8-78d0-43b7-b07a-8310b8a583c7,Emily Anderson
657,1bba6461-3216-4684-9e50-9ea313288bfa,Jason Rodriguez
658,39d10dc2-07e2-4164-bac1-cdd73d2ba157,Cheryl Robinson
659,73443216-fb20-428d-a8a5-5bf196e140ff,Christine Miller
660,db138b0e-a5ca-49b5-b68a-dc22a1bec9ab,Emily Briggs
661,e94a1e87-d851-4b4c-a51e-8be831948c5a,Joel Young
662,426dd031-4932-4307-80b9-dc73a2168275,Kevin Diaz
663,51bd2a26-5aa8-4882-ac3e-4c333b5951b2,Cheryl Wilson
664,24b04476-cd1f-4109-b49e-8ecb09689a91,Ryan Jones
665,92cbdee3-fffa-4532-aa7f-99a4794bfcdb,Rebecca Warren
666,05c0d934-4f54-4743-a6e6-8a6dd26fd15f,Nathan Webb
667,e1a38c8c-2e8f-4fd9-af3a-5cf3b961b3be,Diane Haney
668,60b67bb8-696f-41aa-a53d-c099e2cca4c5,Edwin Marquez
669,1c83a5a7-a3a9-4b45-ae44-4391226f8a4f,Kimberly Cherry
670,f8960aad-e272-4a80-b645-3e92c5929e6a,Kaitlyn Taylor
671,430a2bfa-06b3-4297-92dc-27743fbef2ef,Roy Torres
672,38b9fb0c-0a24-4eec-b318-8aa943089d52,Brandon Shannon
673,86e8d6c2-6d36-4eb8-bd45-f8f98c734de4,Nicole Morgan
674,a5c3b5b9-4872-4177-b23b-1bba61532945,Jacob Mosley
675,4c039828-e9ab-46c5-8cda-17f7fbff2eda,Gregory Rodgers
676,d2773952-2691-4cd4-ae98-43fef7eaffc0,Jill Johnson
677,64dfacef-42da-49c0-a16c-e04b12fdf4b8,Peter Ross
678,cc5e3c55-bf96-4b68-9e68-266aab66248c,Stephen Solis
679,01ac8500-b316-4ad5-a57d-274c669424a9,Sarah Hatfield
680,73495173-8ad4-47be-ab9e-22c04dc13a6c,Alyssa Jones
681,a7fb3e6a-7c44-42e9-a2e9-07b1893c6c04,Derrick Black
682,48d6a025-8a0a-487d-bd31-362e64632e09,Michael Steele
683,4433aa16-8fb0-4c53-b2e3-dc6c0ea338fb,Rebecca Roberson
684,ee9ed7d1-75f6-4eba-bf60-4ad9608a0536,Max Alvarez
685,e01e856f-42ce-45a4-a437-5c40ac93501f,Cynthia Johnson
686,a438bf19-bba1-4ff2-ab81-aa7e19bb76dc,Jessica Bowman
687,744ee0a8-e438-46dc-b791-65566958ea8b,Garrett Sutton
688,01c60d04-f4aa-4c37-8235-0b124eb2022b,Patricia Collins
689,51c804aa-5f1a-4701-8036-49cc5ae8ac3f,Jessica Heath
690,3bd85a86-25c8-42eb-9614-5a3a80cf6392,Michael Harper
691,bed2206f-f0e4-429d-8d6b-7d4edfa97601,Steven Walton
692,3732bfeb-45f4-431a-8c97-5eff7a21b36a,Brent Barber
693,7d0dc12b-e54e-4b58-94bd-44d6294f90b8,Ricky Lawson
694,b43f6568-8fcc-451e-8a5e-312f3cafc3b3,Natasha Johnston
695,28cfbb41-01d1-4c25-a4e5-7cd16e9138a7,Gregory Anderson
696,fdd2d501-26ea-4f0e-ab77-0edf4f04e447,Stacey Ferguson
697,f941a54c-5c39-40b4-b298-f0ebf9a60f10,Steven Williams
698,4c24700d-391d-4353-a778-fe0a259346cd,Shirley Guerrero
699,87de0a2d-0975-4757-86ac-5bd3554bc0e0,Patrick Knight
700,9cbf975f-7854-40dc-bf36-c71d79b3ec88,Elizabeth Walker
701,e1fd1f25-89bb-4bf1-8bc2-f7940686e247,Hannah Ross
702,4db651b1-a867-42ad-ac60-33a0c2fd85a3,Carol Vasquez
703,ec17b39f-1558-40f4-b2bc-8bef932bb1b6,Gina Smith
704,43871226-4210-45cc-8669-917cfe017b4b,Kimberly Nunez
705,49dab0b2-f110-4930-afae-737d4099f735,Emily Parker
706,f8050732-317d-4a70-9487-0520b85818bf,Jeffrey Gutierrez
707,01154e55-922e-4ed6-8b85-b79ea564e628,Jeremy Stokes
708,64e0c663-0e8f-4d0f-ba18-4f9aa1abd148,Carrie Johnson
709,8028e080-0713-436c-bf5f-164e69170b56,Christina Lane
710,651f919b-0038-4a3e-9b26-f8d3274f2b79,Roger Campbell
711,128af44b-033f-4618-8f79-d409f5f8b1cc,Eric Schroeder
712,2a4dbf8c-5433-4a2a-bae3-01beb1eb4f8f,Angela Liu
713,31d0a0d4-58a4-4554-8154-57215f9eab56,Kevin Jenkins
714,9fca5b3b-5fb2-48ff-a206-80d1e8825090,Robert Riley
715,c88c4428-f59b-4cd5-96fc-0e788056b1aa,Brian Brown
716,d80464fb-0dc4-43ef-88a8-9fc195ae240c,Sandra Crawford
717,2aeb0e74-1a20-4d03-8994-4bd39b5080fb,Nicholas Benson
718,649ec75a-6c0f-416b-ba52-4b2feb84b896,Victoria Terrell
719,41dcec68-9410-4871-b771-55ca9c2fedc7,Benjamin Jackson
720,eed9a0e1-32f3-466e-b386-90069bbe4041,Emily Bishop
721,fd8050bc-fb67-47bc-9658-17d1da32d11a,Casey Miller
722,a9a4bb16-3614-4659-8346-76c43c0340fd,Sarah Ibarra
723,214db480-2213-4a7a-8faf-20916c8c0fe2,Sabrina Hall
724,47ee6caf-aae3-4e5f-8d82-e901d458533b,William Lopez
725,e3b3c90f-f57a-4dd8-9cd7-aebff19d1841,Lee Miller
726,00d1926b-c6f2-4afa-bc34-750a80b2e56a,Rebecca Rich
727,cdd84bf4-a953-472a-a5e1-a24740a59169,John Chavez
728,ea83d56d-cf1d-4a74-a01d-8228c8ec712e,Janice Brown
729,33eb092b-eef0-4ef1-81c0-788033107934,Edward Mclaughlin
730,1ff705ae-b641-4e46-9d55-6e52f01f3dce,Jennifer Johnson
731,cbcfa510-c1f6-4311-97c4-529b8f4a5fab,Keith Burgess
732,213e1bc2-4670-4120-ba82-16c22232e2e6,Katherine Roy
733,fee7fbab-9ac1-40af-8b4a-291fbcf76bd4,Thomas Garcia
734,ff82c20e-d10a-431c-8ec7-fdbfd95b6626,Jeremiah Smith
735,b311d927-b657-4dac-8fe8-400eaa66cd2f,Wyatt Carter
736,056df7a3-7518-4a6e-8b92-f28c26d39452,Laurie Ortega
737,9a256460-2233-44c6-8b71-9e29834d9c9e,Sarah Franklin
738,5721ce9b-0213-4a21-a9ae-79280624ab9b,Jose Fox
739,51b380a7-0e6f-4973-bea0-6ac758a05da2,Christopher Ellis
740,ef771f43-7587-4fb6-b963-ba15bb7e49c3,Kelly Singh
741,3d44d22e-14cd-43fd-8f67-0e9fbfa88f67,Amanda Foster
742,2cf3b5a9-b6fe-4b6d-9070-d9d00a577fc5,Adam Rice
743,e71b71f0-102c-4ebc-816b-2d999499644c,Michael Lyons
744,ab139ab0-561c-4152-a7d1-4b7de238099b,Chelsea Schultz
745,cb41418d-21ef-407c-b2ae-dd8602b6bf95,Sheena Lewis
746,4f620b03-9338-470a-afb4-98e8b73d1d20,Paula Craig
747,2b48e17b-f290-4f27-8636-465571342993,Frank Moore
748,92de99a9-f52f-4070-ad2a-4ee9ae484333,David Baxter
749,4c6eb904-4a89-4e84-a9ac-925d3bbe7417,Alexis Gutierrez
750,a9e6ec05-7a20-4a8c-8628-a376ee98d28a,Gina Kim
751,4db1e13e-c93b-4b14-8d44-bc0a4fe935e5,Lisa Lopez
752,4f78dc74-3457-46cd-989c-3d0924a67e4d,Gina Porter
753,d54cb17d-b9f3-46e3-8ff9-4bde91e41597,Nicholas Mason
754,d03bab6f-beda-4c6b-8f54-7f44473dd15b,Amanda Bates
755,f23b5013-93bb-4484-a3eb-ba48c92e8758,Jeffrey Barry
756,461ead19-c7c9-4fda-a9d5-ae03b456b1fd,Manuel Hess
757,f1425f21-1740-4ddf-98d2-54f5cf9ef5a6,Nicole Jackson
758,4ec83476-67bc-4647-a9ac-0d52de3e623d,Janice Bond
759,9da6f2dc-d51f-4e57-87d4-2c91f797cb7f,Brandon King DDS
760,54db1b21-2de6-4b0d-8e69-c33a483a1e18,Lauren Ward
761,9fdc585c-6346-496f-a59b-42d4c6201202,Thomas Valencia
762,6d37b7b3-c260-4856-af53-aed1b2e95517,Megan Sharp
763,accba9ee-b41f-497f-9678-c422e6548e9c,Kimberly Jones
764,88c220a1-1946-461a-a5c4-963a90229e8b,Kelly Carpenter
765,e78ab380-b239-4c13-bc6a-728255072b8e,Sharon Johnson
766,94f2e20e-996d-4889-801a-9b95a1618abb,Paige Gonzales
767,b337e2c6-e605-4295-a137-2406c5c7db56,Kayla Brooks
768,14245600-6e3b-4c98-b7f5-12f8523611c5,James Gutierrez
769,eecf06ba-15e2-407c-a4eb-f66e0766b16a,Megan Faulkner
770,693184ed-c1b9-497f-94c9-73f850899454,Anthony Green
771,25f8351e-3e26-4efe-a77f-85b0155a7ad0,Mark Brown MD
772,f68f429a-af64-47b9-9372-47b377b5aa16,Kimberly Oliver
773,4ed3ebf0-0193-4013-9bac-8c29b675e3e7,Carolyn Ramos
774,9907ad86-e204-4a8a-b959-2d4e3ab70126,Samantha Coleman
775,2b7e0351-6dc8-455e-b34d-e1bfddbe9760,Andrea Moore
776,b5df73b1-0c03-4553-830e-f2d7bd86a702,Christine Gonzales
777,e5d453fd-73c0-4284-9134-1aaa64faad03,Natalie Pearson
778,e25a1a5f-3b83-4c0b-92a5-eb3dcbac9564,Trevor Bell DDS
779,1749f14f-e8b2-4540-a696-799cc83298b7,Matthew Schmidt
780,afa87652-0f75-4152-9bd6-2919fb42aba2,Maria Rivas
781,dc842672-a277-4374-8b33-32f63fc864f5,Mary Smith
782,054e5d24-307f-497e-a6aa-a6cba2b10aa1,Paul Barnes
783,5c0074c8-0cf7-497d-b93b-120bd224548f,Miss Carol Garcia DDS
784,5f8d6c21-b426-4807-96e5-a11a765f21f6,Malik Cain
785,6c7f046c-8752-4ac2-8fca-3d171f142653,Tyler Ramirez
786,fcf7bfa5-f70a-44cc-ac25-eb4057a1cb15,Susan Johnson
787,0efb209f-ab48-4704-b21e-612638950bc1,Matthew Thomas
788,93b35bd4-59dc-410e-9567-6a327c135454,Dawn Keller
789,de682b20-f7de-440b-9e80-601c89d74f8c,Melissa Webb
790,b7adf650-42ca-454d-b34d-84b27780a6c9,Maria Macdonald
791,76dfa1b2-95b4-42de-9ede-355867f0e8a7,Victoria Parker
792,2830bd33-dce6-44b2-b578-b188d77ec33f,Christopher James
793,5f314af9-6084-4ba0-8e27-01212b84b23d,Justin Turner DVM
794,a4006c5b-20e8-45f7-94ac-5b223d0992c5,Paul Gardner
795,1c282fde-6072-4674-b68a-19dab099c4b3,Andrew Rosario
796,8b7803a3-bbcf-4599-a45b-9b1e031b7cc1,Mary Lambert
797,782f89d1-e1ca-48bc-aaba-40d17e144dc2,Amber Rush
798,cc50ed05-7aa3-4d10-a9a0-edd7fa954afe,Joanna Jacobs
799,17718af7-4323-48c0-9b89-8a0612065b04,Miss Jacqueline Green
800,3bfed11e-1ccc-4a82-bf1f-8b4d58787573,Christina Hernandez
801,a2a748d0-2189-431c-aa88-4ff1bb135b24,Tyler Henderson
802,9ac20942-b546-4213-a63a-7f2e5f0fecf3,Ashley Meyer
803,674b6f83-639c-487d-b587-905a5b9c8d11,Matthew Sullivan
804,3a1be853-e73b-40c4-b387-9094297178ce,Jeffrey Silva
805,8f61dc8f-eb34-40bd-b196-04b46401a1e3,Holly Harvey
806,a9d91a10-ee08-48fa-b74d-39589c6b5a14,Patrick White
807,e17a248d-cfd8-4742-a439-f976b09a885f,Matthew Walker
808,55c55ba4-ba0a-483c-bb52-d5aa4fecba38,Carlos Lynch
809,ff469b7e-8a92-45f3-a3fe-c0a1fccc7ffa,Christina Hall
810,81ced05d-a92b-4089-8816-132edd0d4db6,Frederick Wiggins
811,cba75900-eb54-4add-a157-4bf2a3e24558,Marc West
812,0906de9b-0a49-408a-bab7-5723567a5c65,Natasha Thompson
813,897b197d-ac63-407d-9c02-538183c75b18,Julie Wyatt
814,55fa5fd3-0b54-40ab-8abd-8d9d81308afb,Brittany Peterson
815,78e59b7e-571d-4e53-9828-ea073b21b516,Timothy Ferguson
816,ff5bf016-4c34-45e9-a909-16136184cb37,Paul Black
817,e470c6b5-ad3b-4fb2-bb70-53e87f308f42,Kimberly Gonzalez
818,5496dc6c-d603-4186-8589-ffbaae8ffe5d,Carlos Leon
819,afce8981-c5a7-4f33-a666-c2d634f5382f,Michelle Barton
820,a1ac84fd-050f-4b44-80b4-5d6256b37bd3,Michael Davis
821,2082699c-8469-4c24-9ecc-d1a0ad00a376,Daniel Chapman
822,2b8d486b-3f28-424b-b159-1906306a8e37,Angela Moyer
823,5d1968f8-b1b7-43f4-a55b-e606105ed330,Jessica Best
824,5fdf9d6b-90dd-4d98-8f4e-f471fbbaae20,Lori Butler
825,b7fdc170-389b-4352-8e77-72d8be561d34,Steven Vaughn
826,d3462f11-082f-443c-bd18-f8778749efd4,Megan Johnston
827,d6b578bc-558b-441b-bb88-27bc140fcd59,William Rodriguez
828,5a96e876-451e-473f-a097-ecc5a97e7dbc,Laura Taylor
829,7bfe4768-edba-4757-b461-d4ce034ade7e,Keith Phillips
830,f71f07ba-5bc2-442c-947c-513ba55af632,Jacqueline Lewis
831,b5880909-4350-4db4-b775-d8b54d42f7c5,David Hammond
832,d1548d8e-aee5-492c-9f77-485cbb854977,Leah Miller
833,8576427e-603b-411c-afdc-c04811a1dec7,Elizabeth Snyder
834,3c889928-dc4b-4d5c-b6f4-2bd5863a3c85,Richard Jones
835,1a9d1661-dafa-4e46-9c8c-7c4f56ece1d7,Rebecca Thomas
836,41d2981e-fb77-4a1d-a3ea-e7539544c84d,Shirley Stone
837,c753aa74-11bf-4cd2-8783-8e422cdbcc59,Beverly Parker
838,7d74e9d8-5039-489e-a658-4042c4c6c1de,Margaret Roberts
839,8f1e907d-d69c-4313-a33a-4086e44661b4,Emily Farrell
840,b6d08464-d9ba-480a-a99a-17dea3bb5fd7,Jason Clay
841,a85c46c8-b853-41e1-bcff-b95137041032,Kaylee Pena
842,4cfed87f-f7c8-4f62-9f0b-a19084570191,Nicolas Kim
843,6394c710-6396-4a25-80cc-365ed3056719,David Garza
844,403e6979-b352-4cee-becc-4357cff289cb,Emily Hall DDS
845,1580223b-beb7-4c43-8e86-0cf2a0584b84,William Robbins
846,fe10f318-6865-43be-bfa2-d2c3154ac1e4,Patricia Williamson
847,50634b68-2a2b-4386-9ab1-366ea473855d,Tara Osborne
848,bd650b76-355b-4948-aee1-78aa81ddb400,Martha Pineda DDS
849,8339de90-04de-4ccf-9b8e-3c663e63aff5,William Parker
850,900c1a51-710e-4672-ba86-4c669adbbd85,Samantha Mills
851,d0a4b9e4-73e8-4fc8-b8f0-084d2ff875dc,Jeff Brown
852,3ec3a293-8efa-4c96-be14-1242c13487e2,Richard Myers
853,ac9c39f9-57c0-4a70-94dd-9e9e143890bc,Kelly Holmes
854,285d4f0b-5ec9-4700-9afa-5986f78385e4,Daisy Rocha
855,cff01e20-2701-48b4-a79e-54ce2e1271e5,Rodney Gonzalez
856,a3044ed4-889a-4f33-a631-4aaa5cb173b2,Daniel Wagner
857,ccbd241a-5ba8-4ec0-a69e-24a62b2be39d,Tyrone Ryan
858,cfd5aae1-4e19-45e6-bef5-7d46a42c888b,Aimee Dean
859,8585815b-80e3-4a10-ad0a-2f76a3f4fc08,Darren Weeks
860,2763e7f0-e843-42d4-9517-8293f3456fdc,Ellen Crawford
861,9808184f-f01b-493a-bcfe-d0ee6dbf25d3,David Lewis
862,2a226911-6860-4fe5-ad42-472eec058502,Patricia Smith
863,19d6a5ab-154a-436e-8c7b-7c20d65358da,Daniel Kaufman
864,ae6ba8b8-7aa5-4060-9c50-4c9d3d6a4abf,Alicia Norris
865,d70c5477-34fa-49fd-9b7d-708e260b74e0,Robert Black
866,e9ad3cfc-f6f1-47a0-aded-314b0ce9f1aa,Teresa Summers
867,be1c1fa1-fa6e-4832-baaa-d03ecf58ef3b,Cameron Smith
868,d3577302-c3a5-4471-a920-e3276096e3de,Kimberly Stark
869,5cc6ba0f-f461-43ae-972a-e721dec547f7,Theresa Barrett
870,2ca6b68e-d43f-4364-8777-27fe9e9d0e5b,Mr. Brandon Thomas MD
871,f8ecf2c9-c138-4818-8601-b180beb8750d,Tiffany Scott
872,ef2c7ca1-c004-49e3-900d-c5729dd860fb,Jacob Reeves
873,eb81e216-730a-48ec-93bd-2faed4d1c4a0,Jennifer Manning
874,464893bd-677b-46c6-917b-c60a1ecb69ad,Kathleen Lucas
875,dd614206-a0d9-4bb2-bcbb-7d7d3fc037c8,Melissa Nelson
876,809e2ec3-11be-49ba-9f64-c78e371b5481,Kelli Nash
877,ec29efb4-9f31-4cf7-a80e-038858c95651,Chelsea Blackburn
878,09fe5694-c37b-4bb1-bd03-6030bf4b5dee,Janet Jefferson
879,0f89f2d8-94fc-4990-8fdb-9fc4f8480bc2,Ashley Martinez
880,3e49ffeb-4989-4e1b-ad4e-65c03c872995,Brian Ford
881,38cb84fe-5f37-40a2-b6f1-6d6196b6768b,Harold Jacobson
882,6d1dd8b0-5850-48bf-8b25-672ec7560c15,Michael Rodriguez
883,4a28a0b3-8ed1-404c-81df-03d8a612df8f,Rhonda Ward
884,22069b2c-9262-4b85-b7c5-928696e30dff,Sharon Sawyer
885,7568b196-13be-45b9-a954-beabaf57229c,Joseph Mcintyre
886,56dc4fbb-6f82-46a8-8be8-d5c1e8a65316,Cassandra Torres
887,f849404a-34c8-494a-ac76-99fea697c496,Lisa Palmer
888,9d9968d2-ba41-44cd-9a83-7b79c002c5f0,Christopher Cannon
889,ea00a325-d348-42e8-afea-11bf31823ce1,Ryan Cain
890,070b12f5-b1ee-410b-b7de-9539f15009b9,Amanda Snyder
891,06641feb-b8d6-4d87-9409-94056078cf8f,Julie Johnson
892,ce0e3560-d32b-4d09-91c6-cdc881b4dd79,Jeremy Riggs
893,3a4e1825-1b86-42bc-9087-56360e666df8,Janet Griffin
894,a71fa268-d2c2-4ebc-93db-1b8108518617,Lynn Smith
895,c87f098c-3952-47a3-9c18-30f775e132fd,Derek Francis
896,70baf441-35df-44e1-bc9d-cd5abc1af3cf,Bridget Vasquez
897,693e93b8-934b-4e06-a4a5-21a7a386fd00,Jean Rosales
898,c6241b98-66a7-4bcb-855e-ba5e8dfd05d2,Catherine Krueger
899,fa0e8c40-7626-4461-bd46-f5cb2553ae37,Patrick Bowers
900,5db6e8ca-a1be-4438-a0e4-b67a40910c8e,Sarah Edwards
901,83b14fd3-73d4-4d10-8b05-d5b338b3c832,Patrick Richards
902,33d421b4-7458-4c94-a1b8-474e0aceba4f,Linda Williams
903,7d0f3d54-d47b-4fa8-a285-840ad645a431,Shari Mills
904,d75e41b6-f5ec-47fb-9762-ff4bb23ca312,Jessica Thomas
905,2b43e580-b0e7-4aae-a9bc-8005024ff554,Stephanie Sherman
906,604d2e59-cf14-4a6b-b801-229c40e16f19,Savannah Nguyen
907,c0ad0b0a-87b5-4404-a962-49d360c8e704,Kerri Wilson
908,a6d55b03-2228-47f9-a31f-25560b24afe5,Latoya Garza
909,feef47db-32a4-42df-8c14-836e189ab444,Kimberly Mccann
910,0e2c901d-9ec5-41c7-ad49-cc7c6a9458c0,Samantha Kemp
911,72e2c8a7-cd04-4a6d-bdf6-ccdff7661b37,Christopher Moore
912,9620ecab-8620-445b-8ec6-309904b785b4,Dustin Reynolds
913,aa28c9ee-328d-4cd5-b6c8-865e4e3cddfa,Carla Jensen
914,cff10886-6d10-4f02-ad55-0133ea6a0e21,Elizabeth Montgomery
915,eaf72b9d-133a-471f-9645-777cb679a0a7,Matthew Rogers
916,2270ec6d-9fdb-4764-926c-a738a7c4fe30,Gerald Castillo
917,807247e2-b16c-4bda-a7dc-af53771705fa,Tracy Powell
918,11f57f9d-95bf-4379-b72a-a59cd37dc745,Paula Garcia
919,ab8441ea-85ab-4e41-b685-d6829f4b93ce,Kimberly Evans
920,6253e454-caba-49ce-ba27-3c503ca77175,Philip Haynes
921,148ab637-e398-4abc-adc2-b46701e9af8e,Karen Oliver
922,69fd5f6d-f9b4-4d18-aae8-e39d8ecc1bcc,Christopher Wilson
923,59985d80-e702-4c37-9cc3-fd96c742320a,Robin Reed
924,6c31c5fc-12d0-4b2c-ae9d-c5852e14e129,Stephanie Brown
925,405defea-a8fa-47f5-ac0f-c8ef1a3185e6,Melinda Torres
926,92aa7aa0-cde8-4eb4-82ee-04aeaf042c7e,Julie Dillon
927,4697b914-508e-4453-8de6-e74d8b87ddc1,Tamara Wallace
928,a393b881-770d-4312-b037-94f727fa40d5,Natasha Johnson
929,755b9e81-0320-422f-bf0a-c159a096c699,Victoria Russo
930,5e624c52-0049-40f4-bc7c-25cfe6955558,Matthew Henderson
931,f1a6098c-106d-40fd-8fe5-b4928534ae14,Maria Morgan
932,06d7bfee-05db-4348-a0d9-1cb9cc25228b,Amber Coleman
933,a97b0336-718d-4682-8aaa-c81565655fd2,Natalie Hatfield
934,53b6de75-8298-4097-94e8-722f1b0d85e8,Michael Carter
935,2a4c5f4d-1f5e-4b4a-87a5-d4b1b6b8310f,Steven Wood
